mod,sub
Trumpropriation,r/The_Donald
Trumpropriation,r/HillaryMeltdown
Trumpropriation,r/The_DonaldBookclub
Trumpropriation,r/LiberalMeltdown
Trumpropriation,r/disinformation
Trumpropriation,r/Trumpland
Trumpropriation,r/Clintongregret
nBob20,r/HillaryForPrison
nBob20,r/45th_President
nBob20,r/The_Cuck_Cam
nBob20,r/nBob20
nBob20,r/The_Guac
nBob20,r/Your_President
nBob20,r/YourPresident
immallama,r/CBSHunted
Trucks_N_Chainsaws,r/EDDITGATE
Trucks_N_Chainsaws,r/politicalsubversion
Trucks_N_Chainsaws,r/whentumblrattacks
Trucks_N_Chainsaws,r/FuckYouIdiot
Trucks_N_Chainsaws,r/fatmakesyoustupid
Trucks_N_Chainsaws,r/LeagueoflegendsX
FLSverker,r/PeterSinger
FLSverker,r/DebateTrumpSupporters
FLSverker,r/the_republic
FLSverker,r/Trump_Theaters
zettapede,r/The_Donald
zettapede,r/The_DonaldBookclub
zettapede,r/LiberalMeltdown
zettapede,r/ruskies
zettapede,r/StopSpyingOnMyProfile
zettapede,r/The_Forrest
Kerry000,r/The_Donald
lolmonger,r/The_Donald
lolmonger,r/NeutralPolitics
lolmonger,r/neutralnews
lolmonger,r/HillaryMeltdown
lolmonger,r/NeutralTalk
lolmonger,r/The_DonaldBookclub
lolmonger,r/LiberalMeltdown
lolmonger,r/DisavowSanders
lolmonger,r/WomenMirinTrump
lolmonger,r/45th_President
lolmonger,r/PromiseToAssimilate
lolmonger,r/ilovenyc
lolmonger,r/Trumpland
TheGhostOfTzvika,r/conspiratard
TheGhostOfTzvika,r/worldevents
TheGhostOfTzvika,r/usanews
TheGhostOfTzvika,r/InternationalNews
TheGhostOfTzvika,r/NaziHunting
TheGhostOfTzvika,r/EnoughPaulSpam
TheGhostOfTzvika,r/stormfront
TheGhostOfTzvika,r/WorldofPancakes
TheGhostOfTzvika,r/businessnews
TheGhostOfTzvika,r/conspiratardmemes
TheGhostOfTzvika,r/Israel2
TheGhostOfTzvika,r/Khazar_Pride
TheGhostOfTzvika,r/stalkerwatch
TheGhostOfTzvika,r/White_Music
TheGhostOfTzvika,r/BNP_UK
TheGhostOfTzvika,r/Conspiratard2
TheGhostOfTzvika,r/politicalopinion
TheGhostOfTzvika,r/WonderfulMusic
TheGhostOfTzvika,r/LincolnRepublicans
TheGhostOfTzvika,r/politicsuncensored
TheGhostOfTzvika,r/NotMyPresident_News
TheGhostOfTzvika,r/internetlibertarians
TheGhostOfTzvika,r/NewRSlashIsrael
TheGhostOfTzvika,r/WorldEconomics
TheGhostOfTzvika,r/PoliticalThought
TheGhostOfTzvika,r/redditpolls
TheGhostOfTzvika,r/WorldOfMatzoh
TheGhostOfTzvika,r/WonderfulNews
TheGhostOfTzvika,r/WorldofOmelettes
TheGhostOfTzvika,r/WorldofWaffles
TheGhostOfTzvika,r/TheGhostOfTzvika
TheGhostOfTzvika,r/tzvika613
TheGhostOfTzvika,r/WorldOfBagels
Ditario,r/uplifting
Ditario,r/WomenMirinTrump
Ditario,r/5linx
thatawsomedude1,r/HillaryForPrison
thatawsomedude1,r/whitebeauty
RedStarDawn,r/Pocahontas
Trumpshaker,r/The_Donald
Trumpshaker,r/HillaryMeltdown
Trumpshaker,r/The_DonaldBookclub
Trumpshaker,r/LiberalMeltdown
Trumpshaker,r/disinformation
Trumpshaker,r/DisavowSanders
Trumpshaker,r/45th_President
Trumpshaker,r/PromiseToAssimilate
Trumpshaker,r/Trumpland
Knollsit,r/The_Donald
Knollsit,r/byzantium
Knollsit,r/LiberalMeltdown
Knollsit,r/Trumplicans
Knollsit,r/CountyMonaghan
Knollsit,r/ConservativeWhip
Knollsit,r/EEEEEEEEEEEsist
AliceOxalis,r/The_Donald
AliceOxalis,r/HillaryForPrison
AliceOxalis,r/ppdPersonalAdvice
AliceOxalis,r/March_Again_St_Trump
AliceOxalis,r/ShitArthurMacSays
B_T_F_O,r/The_Donald
B_T_F_O,r/45th_President
Trump-For-Life,r/HillaryForPrison
Trump-For-Life,r/Sorosforprison
Trump-For-Life,r/Our_Politics
Trump-For-Life,r/the_book
Trump-For-Life,r/torpedobeat
Trump-For-Life,r/VetsWithHer
Trump-For-Life,r/TheFirstAmendment
Trump-For-Life,r/Trumplican
Trump-For-Life,r/DisavowBernie
Trumpirium,r/The_Donald
Trumpirium,r/HillaryForPrison
Trumpirium,r/HillaryMeltdown
Trumpirium,r/Donald_Trump
Trumpirium,r/LiberalMeltdown
Trumpirium,r/disinformation
Trumpirium,r/WomenMirinTrump
Trumpirium,r/45th_President
Trumpirium,r/The_Cyber
Trumpirium,r/el_donaldo
Trumpirium,r/Trumpire
Trumpirium,r/Trumpland
Trumpirium,r/Clinton4Prison
Trumpirium,r/The_Forrest
TheGreatRoh,r/The_Donald
TheGreatRoh,r/HillaryForPrison
TheGreatRoh,r/HillaryMeltdown
TheGreatRoh,r/Full_news
TheGreatRoh,r/Sorosforprison
TheGreatRoh,r/dickgirls
TheGreatRoh,r/TheRecordCorrected
TheGreatRoh,r/Our_Politics
TheGreatRoh,r/The_DonaldBookclub
TheGreatRoh,r/BoycottCNN
TheGreatRoh,r/LiberalMeltdown
TheGreatRoh,r/MockRedditAdmins
TheGreatRoh,r/Trumplicans
TheGreatRoh,r/THE_BERNDOWN
TheGreatRoh,r/HilaryForPrison
TheGreatRoh,r/SafeSpacesOfReddit
TheGreatRoh,r/FukFatties
TheGreatRoh,r/Cuckshed
TheGreatRoh,r/disinformation
TheGreatRoh,r/45th_President
TheGreatRoh,r/SaveAssange
TheGreatRoh,r/CuckRedditDrama
TheGreatRoh,r/Trumpland
TheGreatRoh,r/beatingthebush
TheGreatRoh,r/EnoughCuntSpam
TheGreatRoh,r/InfiniteMetaCanada
TheGreatRoh,r/AdminCensorTest040534
TheGreatRoh,r/NonOffensiveSpeech
TheGreatRoh,r/NotEnoughCuckSpam
TheGreatRoh,r/The_DonaldForDefault
coldfusion718,r/45th_President
OhSnapYouGotServed,r/The_Donald
OhSnapYouGotServed,r/HillaryForPrison
OhSnapYouGotServed,r/HillaryMeltdown
OhSnapYouGotServed,r/AskThe_Donald
OhSnapYouGotServed,r/The_Ivanka
OhSnapYouGotServed,r/The_DonaldBookclub
OhSnapYouGotServed,r/LiberalMeltdown
OhSnapYouGotServed,r/Trumplicans
OhSnapYouGotServed,r/President_Trump
OhSnapYouGotServed,r/45th_President
OhSnapYouGotServed,r/The_Wall
OhSnapYouGotServed,r/The_Donald__Dev
OhSnapYouGotServed,r/Donrotica
OhSnapYouGotServed,r/The_Uncuckening
OhSnapYouGotServed,r/The_Presidency
OhSnapYouGotServed,r/The_Forrest
pancakees,r/AskTrumpSupporters
pancakees,r/DNCleaks
pancakees,r/Sorosforprison
pancakees,r/Our_Politics
pancakees,r/Bigly
pancakees,r/WikileaksTaskForce
pancakees,r/DisavowSanders
pancakees,r/PromiseToAssimilate
pancakees,r/THE_DONALD_TOO
pancakees,r/bigleague
pancakees,r/EnoughCuntSpam
pancakees,r/grabthecuffs
pancakees,r/trumpftw
Lazytardos,r/CumDumpsters
Lazytardos,r/Breed_White
Lazytardos,r/4Clash
KinOfMany,r/IsThisVegan
KinOfMany,r/AskVeddit
KinOfMany,r/45th_President
MAGA1776,r/The_Donald
MAGA1776,r/forzahorizon3
MAGA1776,r/testing546css
Prius_For_Life,r/cnn
Prius_For_Life,r/chartercable
Prius_For_Life,r/timewarnercable
Prius_For_Life,r/Abilene
Prius_For_Life,r/CharterSpectrum
Prius_For_Life,r/marriott
Prius_For_Life,r/GoldsboroNC
Prius_For_Life,r/Palatka
GayLubeOil,r/The_DonaldUnleashed
GayLubeOil,r/The_Donald_TV
GayLubeOil,r/DisavowSanders
GayLubeOil,r/PromiseToAssimilate
WeWantTrump,r/The_Donald
WeWantTrump,r/LiberalMeltdown
WeWantTrump,r/disinformation
WeWantTrump,r/45th_President
NYPD-32,r/TopMindsOfReddit
NYPD-32,r/Full_news
NYPD-32,r/BernieSandersSucks
NYPD-32,r/fakenews
NYPD-32,r/conspiracytheories
NYPD-32,r/stormtroofers
NYPD-32,r/Millennials
NYPD-32,r/FacesOfBernie
NYPD-32,r/MockRedditAdmins
NYPD-32,r/MetaCancerSubDrama
NYPD-32,r/ihaterconspiracyclub
NYPD-32,r/tinfoilhats
NYPD-32,r/treason
NYPD-32,r/NewJerseyFreakshow
NYPD-32,r/RonPaulisaNut
NYPD-32,r/hillaryhealth
NYPD-32,r/ThoughtPolice
NYPD-32,r/WomenMirinTrump
NYPD-32,r/TheShillCabal
NYPD-32,r/News_Uncucked
NYPD-32,r/TopFagsOfReddit
NYPD-32,r/stophillary
NYPD-32,r/thedonaldreddit
NYPD-32,r/CometPingPongPizza
NYPD-32,r/MockRedditAdvertisers
NYPD-32,r/TrumpCirclejerk
NYPD-32,r/CabalModMail
NYPD-32,r/dongletown
NYPD-32,r/enoughdonglespam
NYPD-32,r/formermodsofthedonald
NYPD-32,r/FreakshowRadio
NYPD-32,r/trumpproject
NYPD-32,r/WhatAboutTD
NYPD-32,r/leftwinghate
NYPD-32,r/RequestAModerator
NYPD-32,r/ShitRHillarySays
Trump_Pepe_2016,r/EuropeInAction
McChaffee,r/OperationTrebuchet
McChaffee,r/MMORift
McChaffee,r/45th_President
Eeeveee,r/HillaryMeltdown
Eeeveee,r/LiberalMeltdown
Eeeveee,r/disinformation
Eeeveee,r/the_denis
Eeeveee,r/eeeveee
TrumpCardUpMySleeve,r/The_Donald
Mr_Glenn_Quagmire,r/Drainit
real_gekido,r/The_DonaldUnleashed
Bananagans,r/TrumpDrama
Bananagans,r/DisavowSanders
Bananagans,r/PromiseToAssimilate
scientistthrowaway23,r/The_Farage
scientistthrowaway23,r/The_Europe
scientistthrowaway23,r/The_Wilders
scientistthrowaway23,r/WomenMirinTrump
scientistthrowaway23,r/trueglobalnews
scientistthrowaway23,r/Britain1st
shadowman3001,r/The_Donald
shadowman3001,r/HillaryForPrison
shadowman3001,r/DNCleaks
shadowman3001,r/WikileaksTaskForce
shadowman3001,r/Info_Wars
shadowman3001,r/WomenMirinTrump
shadowman3001,r/HamSpreading
shadowman3001,r/Donrotica
UpVoter3145,r/The_Donald
UpVoter3145,r/LiberalMeltdown
UpVoter3145,r/BarronTrump
UpVoter3145,r/TheBestOfThe_Donald
UpVoter3145,r/DisavowSanders
UpVoter3145,r/45th_President
UpVoter3145,r/PromiseToAssimilate
UpVoter3145,r/donaldtrumpjr
UpVoter3145,r/CivilizationSix
UpVoter3145,r/EricTrump
WarOfTheFanboys,r/The_Donald
WarOfTheFanboys,r/HillaryMeltdown
WarOfTheFanboys,r/LiberalMeltdown
WarOfTheFanboys,r/45th_President
WarOfTheFanboys,r/The_Forrest
CURVEDHOLLOWFANGS,r/The_Nehlen
CURVEDHOLLOWFANGS,r/mypappywasamailman
TrumpSRB,r/The_Donald
TrumpSRB,r/The_DonaldBookclub
TrumpSRB,r/LiberalMeltdown
I_STOP_ALL_PUNS,r/IdiotsFightingThings
I_STOP_ALL_PUNS,r/PenmanshipPorn
I_STOP_ALL_PUNS,r/Frat
I_STOP_ALL_PUNS,r/unexpectedremix
I_STOP_ALL_PUNS,r/AcousticOriginals
I_STOP_ALL_PUNS,r/stockphotowar
I_STOP_ALL_PUNS,r/HumanDogGifs
I_STOP_ALL_PUNS,r/Xbox1984
I_STOP_ALL_PUNS,r/dodgedart
I_STOP_ALL_PUNS,r/wipshowcase
I_STOP_ALL_PUNS,r/drumset
I_STOP_ALL_PUNS,r/SushiArt
I_STOP_ALL_PUNS,r/TrumpColorado
I_STOP_ALL_PUNS,r/NotesGoneWild
I_STOP_ALL_PUNS,r/I_STOP_ALL_PUNS
I_STOP_ALL_PUNS,r/obama1984
I_STOP_ALL_PUNS,r/FratTest
I_STOP_ALL_PUNS,r/im4andthisisbreakfast
I_STOP_ALL_PUNS,r/mundaneconvos
I_STOP_ALL_PUNS,r/stockphotowars
I_STOP_ALL_PUNS,r/thirtyeight
I_STOP_ALL_PUNS,r/wipshowcasetest
RossTheColonel,r/The_Donald
RossTheColonel,r/HillaryForPrison
RossTheColonel,r/HillaryMeltdown
RossTheColonel,r/Le_Pen
RossTheColonel,r/The_Farage
RossTheColonel,r/Sorosforprison
RossTheColonel,r/hottiesfortrump
RossTheColonel,r/The_Europe
RossTheColonel,r/The_Nehlen
RossTheColonel,r/whatissnoodoing
RossTheColonel,r/strobecirclejerk
RossTheColonel,r/The_DonaldBookclub
RossTheColonel,r/PurpleLounge
RossTheColonel,r/TheDangerousFaggot
RossTheColonel,r/LiberalMeltdown
RossTheColonel,r/DeepDreamRequests
RossTheColonel,r/Blackwidow
RossTheColonel,r/creepy_hillary
RossTheColonel,r/Quicksilver
RossTheColonel,r/lockHerUp
RossTheColonel,r/CountyMonaghan
RossTheColonel,r/regatedsports
RossTheColonel,r/45th_President
RossTheColonel,r/alphatauomega
RossTheColonel,r/HongKongCapitalism
RossTheColonel,r/DisavowBernie
RossTheColonel,r/Frat_test
pnwfreedom,r/AskThe_Donald
shmokayy,r/Trump_God
Suturetech,r/DisavowSanders
Suturetech,r/PromiseToAssimilate
TalktoberryFin,r/The_Donald_Backup
TalktoberryFin,r/HIGHENERGYgifs
TalktoberryFin,r/45th_President
TalktoberryFin,r/PromiseToAssimilate
IanPatrick1966,r/The_Donald
IanPatrick1966,r/powermodabusereports
IanPatrick1966,r/The__Donald
IanPatrick1966,r/trumpiowa
IanPatrick1966,r/iowawireless
IanPatrick1966,r/SteveKing
IanPatrick1966,r/imon
IanPatrick1966,r/iowasafespace
IanPatrick1966,r/1ca9e37e5d869ffb
IanPatrick1966,r/The___Donald
Darth_Venath,r/HillaryMeltdown
Darth_Venath,r/Trumpland
WhyAmIKobe,r/ifoughtthewarforyou
Defenestration1618,r/LiberalMeltdown
kdladd,r/45th_President
rightc0ast,r/The_Donald
rightc0ast,r/Libertarian
rightc0ast,r/HillaryForPrison
rightc0ast,r/ronpaul
rightc0ast,r/progun
rightc0ast,r/GaryJohnson
rightc0ast,r/EndlessWar
rightc0ast,r/NYYankees
rightc0ast,r/randpaul
rightc0ast,r/R3VOLUTION
rightc0ast,r/Paul
rightc0ast,r/PeterSchiff
rightc0ast,r/JustinAmash
rightc0ast,r/LiberalMeltdown
rightc0ast,r/DeclinetoState
rightc0ast,r/Trumplicans
rightc0ast,r/bestofundelete
rightc0ast,r/mcafee2016
rightc0ast,r/censored
rightc0ast,r/MikeLee
rightc0ast,r/KerryBentivolio
rightc0ast,r/RandPaul2016
rightc0ast,r/conservativepolitics
rightc0ast,r/Romney2012
rightc0ast,r/Newt2012
rightc0ast,r/SenatorPaul
rightc0ast,r/795
rightc0ast,r/SunshineState
rightc0ast,r/Santorum2012
rightc0ast,r/TedYoho
rightc0ast,r/3VOLUTION
rightc0ast,r/KurtBills
rightc0ast,r/Kwiatowski
rightc0ast,r/RepKwiatowski
rightc0ast,r/SenatorMikeLee
Katfish29,r/The_Donald
Katfish29,r/LiberalMeltdown
Katfish29,r/45th_President
purpletricycle,r/NimbleAmerica
purpletricycle,r/DisavowSanders
purpletricycle,r/PromiseToAssimilate
Phinaeus,r/BlackScienceMan
Phinaeus,r/TOUHOUMUSIC
Phinaeus,r/wakfu
Phinaeus,r/randytaylor69
Phinaeus,r/Shillary
Phinaeus,r/AsianScienceMan
Phinaeus,r/WhiteAtheistMan
Phinaeus,r/theeconomist
Phinaeus,r/cantstumpthetrump
Phinaeus,r/AARs
Phinaeus,r/DAMS
Phinaeus,r/Killary
Phinaeus,r/ECONCSSTEST
Phinaeus,r/surveillancecameraman
Phinaeus,r/MilitaryParades
Phinaeus,r/WhiteScienceMan
Phinaeus,r/BernieSandersSucksCSS
Phinaeus,r/madmail
Phinaeus,r/paradoxAARs
Phinaeus,r/smuggies
Phinaeus,r/anasheed
Phinaeus,r/armyparade
Phinaeus,r/armyparades
Phinaeus,r/itomugikun
Phinaeus,r/phinaeus
Phinaeus,r/wakfuCSS
Velostodon,r/beadouchebagtopeople
Commissar_,r/UCDavis
hennny,r/The_Donald
hennny,r/LiberalMeltdown
mivvan,r/The_Donald
mivvan,r/HillaryMeltdown
mivvan,r/The_Farage
mivvan,r/Sorosforprison
mivvan,r/LiberalMeltdown
mivvan,r/theGreatMemeWar
mivvan,r/disinformation
mivvan,r/45th_President
kwiztas,r/HillaryMeltdown
kwiztas,r/DihydrogenMonoxide
kwiztas,r/TempleOS_Official
kwiztas,r/miloyiannopoulos
kwiztas,r/Trumpland
kwiztas,r/edrum
kwiztas,r/kwiztas
Taylor814,r/LiberalMeltdown
Taylor814,r/The_Donald_Backup
Taylor814,r/Tokarev
Taylor814,r/disinformation
Taylor814,r/DisavowSanders
Taylor814,r/45th_President
Taylor814,r/PromiseToAssimilate
Taylor814,r/OlllllllO
Taylor814,r/OIIIIIIIO
Adda717,r/bubbling
Adda717,r/parallels
COINTELPROAgent,r/conspiratard
COINTELPROAgent,r/usanews
COINTELPROAgent,r/InternationalNews
COINTELPROAgent,r/republicans
COINTELPROAgent,r/NaziHunting
COINTELPROAgent,r/EnoughPaulSpam
COINTELPROAgent,r/stormfront
COINTELPROAgent,r/wealth
COINTELPROAgent,r/WorldofPancakes
COINTELPROAgent,r/businessnews
COINTELPROAgent,r/conspiratardmemes
COINTELPROAgent,r/The_Asylum
COINTELPROAgent,r/Biography
COINTELPROAgent,r/Conspiratard2
COINTELPROAgent,r/politicalopinion
COINTELPROAgent,r/WonderfulMusic
COINTELPROAgent,r/hippies
COINTELPROAgent,r/treason
COINTELPROAgent,r/baddoggy
COINTELPROAgent,r/NotMyPresident_News
COINTELPROAgent,r/WorldEconomics
COINTELPROAgent,r/philosopher_kings
COINTELPROAgent,r/conspiratardjr
COINTELPROAgent,r/redditpolls
COINTELPROAgent,r/WonderfulNews
COINTELPROAgent,r/WorldofOmelettes
COINTELPROAgent,r/WorldofWaffles
lnternational,r/The_Donald
lnternational,r/HillaryForPrison
lnternational,r/Trumpire
lnternational,r/Clinton4Prison
Medically,r/The_Donald
Medically,r/HillaryForPrison
Medically,r/HillaryMeltdown
Medically,r/pepe
Medically,r/Sorosforprison
Medically,r/The_Ivanka
Medically,r/comcastnazi
Medically,r/LiberalMeltdown
Medically,r/PodestaEmails
Medically,r/moretrumpspam
Medically,r/The_Donald_TV
Medically,r/theGreatMemeWar
Medically,r/ToK
Medically,r/the_mattis
Medically,r/disinformation
Medically,r/45th_President
Medically,r/Trumpland
Medically,r/Modssssze
Medically,r/theGreamMemeWar
Indoorsman,r/Well_Fuck
StarBat57,r/TrueSTL
StarBat57,r/Thalmor
StarBat57,r/Skyremcoop
yiannopoulos_m,r/milo
yiannopoulos_m,r/BreitbartTech
DrWeeGee,r/The_Donald
DrWeeGee,r/HillaryForPrison
DrWeeGee,r/AskThe_Donald
DrWeeGee,r/PokemonGoCT
DrWeeGee,r/ThreePanelPuns
DrWeeGee,r/Trumplicans
DrWeeGee,r/GerudoDragon
DrWeeGee,r/thankmisterskeltal
DrWeeGee,r/CTRinAction
DrWeeGee,r/housemasta
rsashe1980,r/The_Donald
rsashe1980,r/HillaryForPrison
rsashe1980,r/The_Nehlen
rsashe1980,r/The_DonaldBookclub
rsashe1980,r/BoycottCNN
rsashe1980,r/LiberalMeltdown
rsashe1980,r/TrumpLivesMatter
rsashe1980,r/Trumplicans
rsashe1980,r/Business_startup
rsashe1980,r/GlobalNomads
rsashe1980,r/deepthink
rsashe1980,r/The_Donald_Redux
rsashe1980,r/Trumplican
rsashe1980,r/BLACKPILLED
rsashe1980,r/Crowdsourcestocks
rsashe1980,r/the_donald_discord
rsashe1980,r/The_Forrest
rsashe1980,r/The_MSM
rsashe1980,r/The_RedstateMidterm
IFIFIFOKIEDOKE,r/The_Cuck_Cam
DontLetEuropeFall,r/AmericasGreatest
USofTrump,r/DisavowSanders
USofTrump,r/PromiseToAssimilate
PrinceCamelton,r/The_Donald
PrinceCamelton,r/AskThe_Donald
PrinceCamelton,r/Infowars
PrinceCamelton,r/The_Donald_Backup
PrinceCamelton,r/CruzCircleJerk
HIGH_ENERGY_MEMES,r/The_Donald
HIGH_ENERGY_MEMES,r/HillaryMeltdown
HIGH_ENERGY_MEMES,r/Le_Pen
HIGH_ENERGY_MEMES,r/The_Wilders
Peetrius,r/4chan
Peetrius,r/MorbidReality
Peetrius,r/wallstreetbets
Peetrius,r/SargonofAkkad
Peetrius,r/LastManonEarthTV
Peetrius,r/r4chanMeta
Peetrius,r/cuck
Peetrius,r/BestofClintonEmails
Peetrius,r/happytreefriends
Peetrius,r/AKAJessicaJones
Peetrius,r/MarvelDaredevil
Peetrius,r/OtherSpaceTV
Peetrius,r/TearsForSanders
Peetrius,r/MarvelsIronFist
Peetrius,r/Mikasacus
Peetrius,r/SameGlennDanzig
Peetrius,r/MarvelsGhostRider
Peetrius,r/SinCitySaintsLV
Peetrius,r/haftr
Peetrius,r/lolbertarian
Peetrius,r/MarvelsElektra
Peetrius,r/MarvelsWinterSoldier
Peetrius,r/AngryFishManMeme
Peetrius,r/MarvelsLukeCage
Peetrius,r/MCUSpiderman
Peetrius,r/MarvelsPsylocke
Peetrius,r/MarvelsMoonKnight
Peetrius,r/MarvelsSheHulk
Peetrius,r/mcu_irl
Peetrius,r/MarvelsMsMarvel
Peetrius,r/MCUmarathon
Peetrius,r/MarvelsNamor
Peetrius,r/MarvelsThePunisher
Peetrius,r/MarvelsAgentsofAtlas
Peetrius,r/MarvelsARMOR
Peetrius,r/MarvelsCloakandDagger
Peetrius,r/MarvelsDamageControl
Peetrius,r/MarvelsHAMMER
Peetrius,r/MarvelsInvaders
Peetrius,r/MarvelsMidnightSons
Peetrius,r/MarvelsNova
Peetrius,r/MarvelsPlanetHulk
Peetrius,r/MarvelsSWORD
Peetrius,r/112263Show
Peetrius,r/JebBushForPresident
Peetrius,r/MarvelRenegades
Peetrius,r/MarvelsBlade
Peetrius,r/MarvelsCaptainBritain
Peetrius,r/MarvelsDocSamson
Peetrius,r/MarvelsHawkeye
Peetrius,r/MarvelsIlluminati
Peetrius,r/MarvelsInfinityWatch
Peetrius,r/MarvelsKnights
Peetrius,r/MarvelsLegionMonsters
Peetrius,r/MarvelsMockingbird
Peetrius,r/MarvelsPrinceofPower
Peetrius,r/MarvelsQuasar
Peetrius,r/MarvelsRenegades
Peetrius,r/MarvelsRunaways
Peetrius,r/MarvelsSpiderWoman
Peetrius,r/MarvelsThunderbolts
Peetrius,r/MarvelsTorch
Peetrius,r/MCUCosmic
Peetrius,r/MCUEspionage
Peetrius,r/MCUHorror
Peetrius,r/MCUNetflix
Peetrius,r/Peetrius
D4rkd3str0yer,r/whitebeauty
D4rkd3str0yer,r/The_Nehlen
D4rkd3str0yer,r/Shmadow
usatrump,r/DisavowSanders
usatrump,r/PromiseToAssimilate
Ayy_1mao,r/TrumpDrama
Ayy_1mao,r/TearsForSanders
richmomz,r/The_Donald
richmomz,r/EndlessWar
richmomz,r/DescentIntoTyranny
richmomz,r/NotMyPresident_News
richmomz,r/DisavowSanders
richmomz,r/45th_President
richmomz,r/PromiseToAssimilate
TrumpGal,r/Trump_Gal
TrumpGal,r/trumpgal
Grakmarr,r/The_Donald
Grakmarr,r/LiberalMeltdown
Grakmarr,r/45th_President
_wingnut_,r/antifeminist
moskies,r/The_Donald
moskies,r/HillaryMeltdown
moskies,r/LiberalMeltdown
moskies,r/paydaylore
moskies,r/45thPOTUS
moskies,r/The_Forrest
