name,mode
Trumpropriation,0
nBob20,0
zettapede,0
lolmonger,0
TheGhostOfTzvika,0
Ditario,0
thatawsomedude1,0
Trumpshaker,0
Knollsit,0
AliceOxalis,0
B_T_F_O,0
Trump-For-Life,0
Trumpirium,0
TheGreatRoh,0
coldfusion718,0
OhSnapYouGotServed,0
pancakees,0
KinOfMany,0
GayLubeOil,0
WeWantTrump,0
NYPD-32,0
McChaffee,0
Eeeveee,0
real_gekido,0
Bananagans,0
scientistthrowaway23,0
shadowman3001,0
UpVoter3145,0
WarOfTheFanboys,0
CURVEDHOLLOWFANGS,0
TrumpSRB,0
RossTheColonel,0
pnwfreedom,0
Suturetech,0
TalktoberryFin,0
Darth_Venath,0
Defenestration1618,0
kdladd,0
rightc0ast,0
Katfish29,0
purpletricycle,0
hennny,0
mivvan,0
kwiztas,0
Taylor814,0
COINTELPROAgent,0
lnternational,0
Medically,0
DrWeeGee,0
rsashe1980,0
IFIFIFOKIEDOKE,0
USofTrump,0
PrinceCamelton,0
HIGH_ENERGY_MEMES,0
Peetrius,0
D4rkd3str0yer,0
usatrump,0
Ayy_1mao,0
richmomz,0
Grakmarr,0
moskies,0
r/HillaryMeltdown,1
r/The_DonaldBookclub,1
r/LiberalMeltdown,1
r/disinformation,1
r/Trumpland,1
r/HillaryForPrison,1
r/45th_President,1
r/The_Cuck_Cam,1
r/The_Forrest,1
r/DisavowSanders,1
r/WomenMirinTrump,1
r/PromiseToAssimilate,1
r/conspiratard,1
r/usanews,1
r/InternationalNews,1
r/NaziHunting,1
r/EnoughPaulSpam,1
r/stormfront,1
r/WorldofPancakes,1
r/businessnews,1
r/conspiratardmemes,1
r/Conspiratard2,1
r/politicalopinion,1
r/WonderfulMusic,1
r/NotMyPresident_News,1
r/WorldEconomics,1
r/redditpolls,1
r/WonderfulNews,1
r/WorldofOmelettes,1
r/WorldofWaffles,1
r/whitebeauty,1
r/Trumplicans,1
r/CountyMonaghan,1
r/Sorosforprison,1
r/Our_Politics,1
r/Trumplican,1
r/DisavowBernie,1
r/Trumpire,1
r/Clinton4Prison,1
r/Full_news,1
r/BoycottCNN,1
r/MockRedditAdmins,1
r/EnoughCuntSpam,1
r/AskThe_Donald,1
r/The_Ivanka,1
r/Donrotica,1
r/DNCleaks,1
r/WikileaksTaskForce,1
r/The_DonaldUnleashed,1
r/The_Donald_TV,1
r/treason,1
r/TrumpDrama,1
r/The_Farage,1
r/The_Europe,1
r/The_Wilders,1
r/The_Nehlen,1
r/Le_Pen,1
r/The_Donald_Backup,1
r/EndlessWar,1
r/theGreatMemeWar,1
r/TearsForSanders,1
